id,name,product,side,balance,rate,rate_type,index,margin,reset_months,term_months,amortization,floor,cap
cash,Cash and overnight deposits,cash,asset,22000000,0,none,,,,,none,,
tsy,US Treasuries,treasuries,asset,45000000,2.10,fixed,,,,20,bullet,,
agency,Agency bullets,agency_bullets,asset,30000000,3.25,fixed,,,,40,bullet,,
mbs,Agency MBS,agency_mbs,asset,55000000,2.80,fixed,,,,290,level,,
auto_new,New auto loans,new_auto,asset,95000000,5.90,fixed,,,,44,level,,
auto_used,Used auto loans,used_auto,asset,75000000,6.80,fixed,,,,40,level,,
mtg_fixed,First mortgages (fixed),first_mortgage,asset,120000000,4.10,fixed,,,,300,level,,
mtg_arm,First mortgages (1-year ARM),arm_mortgage,asset,20000000,5.60,variable,TSY_1Y,2.50,12,320,level,3.00,9.00
heloc,Home equity lines,heloc,asset,32000000,7.75,variable,PRIME,0.75,1,,nonmaturity,,
cards,Credit cards,credit_card,asset,24000000,12.90,fixed,,,,,nonmaturity,,
mbl,Commercial real estate,commercial_re,asset,26000000,6.25,fixed,,,,60,level,,
other_assets,"Fixed assets, NCUSIF deposit, other",other_assets,asset,16000000,0,none,,,,,none,,
regular,Regular shares,regular_shares,liability,165000000,0.10,administered,,,,,nonmaturity,,
drafts,Share drafts,share_drafts,liability,80000000,0.05,administered,,,,,nonmaturity,,
mma,Money market shares,money_market,liability,90000000,2.10,administered,,,,,nonmaturity,,
ira,IRA shares,ira_shares,liability,20000000,0.75,administered,,,,,nonmaturity,,
cert_short,Share certificates (short),certificates,liability,80000000,3.90,fixed,,,,7,bullet,,
cert_long,Share certificates (long),certificates,liability,45000000,3.30,fixed,,,,26,bullet,,
fhlb,FHLB advance,borrowings,liability,15000000,4.35,fixed,,,,30,bullet,,
other_liabilities,Accrued and other liabilities,other_liabilities,liability,6000000,0,none,,,,,none,,
