month,line,average_balance,amount
2026-07,treasuries,,78750.0
2026-07,agency_bullets,,81250.0
2026-07,agency_mbs,,128333.33
2026-07,new_auto,,473311.11
2026-07,used_auto,,429250.0
2026-07,first_mortgage,,411366.67
2026-07,arm_mortgage,,93333.33
2026-07,heloc,,206666.67
2026-07,credit_card,,258000.0
2026-07,commercial_re,,135416.67
2026-07,other_assets,,0.0
2026-07,regular_shares,,13704.17
2026-07,share_drafts,,3333.33
2026-07,money_market,,155295.0
2026-07,ira_shares,,12500.0
2026-07,certificates,,389378.33
2026-07,borrowings,,54375.0
2026-07,other_liabilities,,0.0
2026-08,treasuries,,78750.0
2026-08,agency_bullets,,81250.0
2026-08,agency_mbs,,129183.44
2026-08,new_auto,,481434.17
2026-08,used_auto,,435201.89
2026-08,first_mortgage,,415439.33
2026-08,arm_mortgage,,93605.29
2026-08,heloc,,207508.65
2026-08,credit_card,,258636.3
2026-08,commercial_re,,135992.99
2026-08,other_assets,,0.0
2026-08,regular_shares,,13680.89
2026-08,share_drafts,,3338.84
2026-08,money_market,,153467.56
2026-08,ira_shares,,12510.37
2026-08,certificates,,395626.47
2026-08,borrowings,,54375.0
2026-08,other_liabilities,,0.0
2026-09,treasuries,,78750.0
2026-09,agency_bullets,,81250.0
2026-09,agency_mbs,,130027.52
2026-09,new_auto,,489604.74
2026-09,used_auto,,441184.93
2026-09,first_mortgage,,419522.35
2026-09,arm_mortgage,,93876.58
2026-09,heloc,,208354.07
2026-09,credit_card,,259274.16
2026-09,commercial_re,,136571.5
2026-09,other_assets,,0.0
2026-09,regular_shares,,13657.5
2026-09,share_drafts,,3344.35
2026-09,money_market,,151630.16
2026-09,ira_shares,,12520.75
2026-09,certificates,,401893.3
2026-09,borrowings,,54375.0
2026-09,other_liabilities,,0.0
